"MovieTitle","MovieReleaseDate","FirstName","LastName","DateOfBirth"
"The Shawshank Redemption","1994-01-01","Tim","Robbins","1999-10-02"
"The Shawshank Redemption","1994-01-01","Morgan","Freeman","1996-09-12"
"The Shawshank Redemption","1994-01-01","Bob","Gunton","1992-10-26"
"The Godfather","1972-01-01","Marlon","Brando","1997-07-16"
"The Godfather","1972-01-01","Al","Pacino","1957-06-26"
"The Godfather","1972-01-01","James","Caan","1999-04-12"
"The Dark Knight","2008-01-01","Christian","Bale","1987-04-14"
"The Dark Knight","2008-01-01","Heath","Ledger","1967-06-20"
"The Dark Knight","2008-01-01","Aaron","Eckhart","1985-07-07"
"The Godfather Part II","1974-01-01","Al","Pacino","1957-06-26"
"The Godfather Part II","1974-01-01","Robert","De Niro","1963-02-02"
"The Godfather Part II","1974-01-01","Robert","Duvall","1970-02-21"
"12 Angry Men","1957-01-01","Martin","Balsam","1993-07-11"
"12 Angry Men","1957-01-01","John","Fiedler","1980-06-20"
"12 Angry Men","1957-01-01","Lee","J. Cobb","1986-10-01"
"Schindler's List","1993-01-01","Liam","Neeson","1985-02-26"
"Schindler's List","1993-01-01","Ralph","Fiennes","1997-12-21"
"Schindler's List","1993-01-01","Ben","Kingsley","1997-12-27"
"The Lord of the Rings: The Return of the King","2003-01-01","Elijah","Wood","1980-10-16"
"The Lord of the Rings: The Return of the King","2003-01-01","Viggo","Mortensen","1995-12-16"
"The Lord of the Rings: The Return of the King","2003-01-01","Ian","McKellen","1991-03-16"
"Pulp Fiction","1994-01-01","John","Travolta","1976-06-18"
"Pulp Fiction","1994-01-01","Uma","Thurman","1958-03-12"
"Pulp Fiction","1994-01-01","Samuel","L. Jackson","1964-01-26"
"The Lord of the Rings: The Fellowship of the Ring","2001-01-01","Alan","Howard","1975-06-19"
"The Lord of the Rings: The Fellowship of the Ring","2001-01-01","Noel","Appleby","1997-10-24"
"The Lord of the Rings: The Fellowship of the Ring","2001-01-01","Sean","Astin","1984-05-20"
"Forrest Gump","1994-01-01","Tom","Hanks","1987-04-27"
"Forrest Gump","1994-01-01","Robin","Wright","1967-02-25"
"Forrest Gump","1994-01-01","Gary","Sinise","1954-01-21"
"Inception","2010-01-01","Leonardo","DiCaprio","1981-10-21"
"Inception","2010-01-01","Joseph","Gordon-Levitt","1993-06-09"
"Inception","2010-01-01","Elliot","Page","1980-10-09"
"The Lord of the Rings: The Two Towers","2002-01-01","Elijah","Wood","1980-10-16"
"The Lord of the Rings: The Two Towers","2002-01-01","Ian","McKellen","1991-03-16"
"The Lord of the Rings: The Two Towers","2002-01-01","Viggo","Mortensen","1995-12-16"
"Fight Club","1999-01-01","Edward","Norton","1971-02-26"
"Fight Club","1999-01-01","Brad","Pitt","1976-01-09"
"Fight Club","1999-01-01","Meat","Loaf","1959-11-04"
"Star Wars: Episode V - The Empire Strikes Back","1980-01-01","Mark","Hamill","1976-07-21"
"Star Wars: Episode V - The Empire Strikes Back","1980-01-01","Harrison","Ford","1965-02-19"
"Star Wars: Episode V - The Empire Strikes Back","1980-01-01","Carrie","Fisher","1989-09-20"
"The Matrix","1999-01-01","Keanu","Reeves","1950-09-21"
"The Matrix","1999-01-01","Laurence","Fishburne","1981-06-16"
"The Matrix","1999-01-01","Carrie-Anne","Moss","1979-09-07"
"Goodfellas","1990-01-01","Robert","De Niro","1963-02-02"
"Goodfellas","1990-01-01","Ray","Liotta","1953-12-18"
"Goodfellas","1990-01-01","Joe","Pesci","1968-06-09"
"One Flew Over the Cuckoo's Nest","1975-01-01","Jack","Nicholson","1950-04-26"
"One Flew Over the Cuckoo's Nest","1975-01-01","Louise","Fletcher","1970-08-20"
"One Flew Over the Cuckoo's Nest","1975-01-01","Michael","Berryman","1955-03-12"
"Se7en","1995-01-01","Morgan","Freeman","1996-09-12"
"Se7en","1995-01-01","Brad","Pitt","1976-01-09"
"Se7en","1995-01-01","Kevin","Spacey","1954-09-27"
"Interstellar","2014-01-01","Matthew","McConaughey","1969-07-27"
"Interstellar","2014-01-01","Anne","Hathaway","1991-08-23"
"Interstellar","2014-01-01","Jessica","Chastain","1999-08-20"
"It's a Wonderful Life","1946-01-01","James","Stewart","1974-04-07"
"It's a Wonderful Life","1946-01-01","Donna","Reed","1962-12-06"
"It's a Wonderful Life","1946-01-01","Lionel","Barrymore","1990-02-20"
"The Silence of the Lambs","1991-01-01","Jodie","Foster","1950-06-20"
"The Silence of the Lambs","1991-01-01","Anthony","Hopkins","1951-08-02"
"The Silence of the Lambs","1991-01-01","Scott","Glenn","1957-03-25"
"Saving Private Ryan","1998-01-01","Tom","Hanks","1987-04-27"
"Saving Private Ryan","1998-01-01","Matt","Damon","1983-07-26"
"Saving Private Ryan","1998-01-01","Tom","Sizemore","1982-04-20"
"City of God","2002-01-01","Alexandre","Rodrigues","1996-06-21"
"City of God","2002-01-01","Leandro","Firmino","1965-10-26"
"City of God","2002-01-01","Matheus","Nachtergaele","1978-07-14"
"Life Is Beautiful","1997-01-01","Roberto","Benigni","1965-02-20"
"Life Is Beautiful","1997-01-01","Nicoletta","Braschi","1963-04-14"
"Life Is Beautiful","1997-01-01","Giorgio","Cantarini","1973-09-20"
"The Green Mile","1999-01-01","Tom","Hanks","1987-04-27"
"The Green Mile","1999-01-01","Michael","Clarke Duncan","1950-03-12"
"The Green Mile","1999-01-01","David","Morse","1988-10-21"
"Star Wars: Episode IV - A New Hope","1977-01-01","Mark","Hamill","1976-07-21"
"Star Wars: Episode IV - A New Hope","1977-01-01","Harrison","Ford","1965-02-19"
"Star Wars: Episode IV - A New Hope","1977-01-01","Carrie","Fisher","1989-09-20"
"Terminator 2: Judgment Day","1991-01-01","Arnold","Schwarzenegger","1961-12-20"
"Terminator 2: Judgment Day","1991-01-01","Linda","Hamilton","1998-02-26"
"Terminator 2: Judgment Day","1991-01-01","Edward","Furlong","1964-02-18"
"Back to the Future","1985-01-01","Michael","J. Fox","1976-03-08"
"Back to the Future","1985-01-01","Christopher","Lloyd","1961-04-26"
"Back to the Future","1985-01-01","Lea","Thompson","1962-10-26"
"Spirited Away","2001-01-01","Rumi","Hiiragi","1996-08-13"
"Spirited Away","2001-01-01","Miyu","Irino","1965-03-26"
"Spirited Away","2001-01-01","Mari","Natsuki","1960-07-17"
"The Pianist","2002-01-01","Adrien","Brody","1989-10-26"
"The Pianist","2002-01-01","Emilia","Fox","1976-11-08"
"The Pianist","2002-01-01","Michal","Zebrowski","1982-03-17"
"Psycho","1960-01-01","Anthony","Perkins","1951-08-02"
"Psycho","1960-01-01","Janet","Leigh","1969-04-12"
"Psycho","1960-01-01","Vera","Miles","1986-08-21"
"Whiplash","2014-01-01","Miles","Teller","1954-03-20"
"Whiplash","2014-01-01","J.K.","Simmons","1965-01-02"
"Whiplash","2014-01-01","Melissa","Benoist","1974-11-08"
"The Lion King","1994-01-01","Rowan","Atkinson","1990-02-26"
"The Lion King","1994-01-01","Matthew","Broderick","1979-07-11"
"The Lion King","1994-01-01","Niketa","Calame-Harris","1977-04-25"
"Gladiator","2000-01-01","Russell","Crowe","1990-08-25"
"Gladiator","2000-01-01","Joaquin","Phoenix","1990-06-02"
"Gladiator","2000-01-01","Connie","Nielsen","1954-11-16"
"American History X","1998-01-01","Edward","Norton","1971-02-26"
"American History X","1998-01-01","Edward","Furlong","1964-02-18"
"American History X","1998-01-01","Beverly","D'Angelo","1966-12-24"
"The Departed","2006-01-01","Leonardo","DiCaprio","1981-10-21"
"The Departed","2006-01-01","Matt","Damon","1983-07-26"
"The Departed","2006-01-01","Jack","Nicholson","1950-04-26"
"The Usual Suspects","1995-01-01","Kevin","Spacey","1954-09-27"
"The Usual Suspects","1995-01-01","Gabriel","Byrne","1988-01-16"
"The Usual Suspects","1995-01-01","Chazz","Palminteri","1989-04-24"
"The Prestige","2006-01-01","Christian","Bale","1987-04-14"
"The Prestige","2006-01-01","Hugh","Jackman","1971-10-12"
"The Prestige","2006-01-01","Scarlett","Johansson","1963-03-26"
"Grave of the Fireflies","1988-01-01","Tsutomu","Tatsumi","1994-08-19"
"Grave of the Fireflies","1988-01-01","Ayano","Shiraishi","1968-07-14"
"Grave of the Fireflies","1988-01-01","Akemi","Yamaguchi","1989-05-14"
"Casablanca","1942-01-01","Humphrey","Bogart","1989-10-07"
"Casablanca","1942-01-01","Ingrid","Bergman","1987-04-12"
"Casablanca","1942-01-01","Paul","Henreid","1987-10-10"
"Modern Times","1936-01-01","Charles","Chaplin","1991-04-20"
"Modern Times","1936-01-01","Paulette","Goddard","1961-10-19"
"Modern Times","1936-01-01","Henry","Bergman","1950-06-12"
"Once Upon a Time in America","1984-01-01","Robert","De Niro","1963-02-02"
"Once Upon a Time in America","1984-01-01","James","Woods","1952-04-20"
"Once Upon a Time in America","1984-01-01","Elizabeth","McGovern","1953-10-01"
"Rear Window","1954-01-01","James","Stewart","1974-04-07"
"Rear Window","1954-01-01","Grace","Kelly","1977-06-06"
"Rear Window","1954-01-01","Wendell","Corey","1961-09-27"
"Alien","1979-01-01","Sigourney","Weaver","1965-09-20"
"Alien","1979-01-01","Tom","Skerritt","1992-04-09"
"Alien","1979-01-01","John","Hurt","1950-06-07"
"City Lights","1931-01-01","Charles","Chaplin","1991-04-20"
"City Lights","1931-01-01","Virginia","Cherrill","1978-12-21"
"City Lights","1931-01-01","Florence","Lee","1974-11-07"
"Cinema Paradiso","1988-01-01","Philippe","Noiret","1984-05-22"
"Cinema Paradiso","1988-01-01","Enzo","Cannavale","1999-12-14"
"Cinema Paradiso","1988-01-01","Antonella","Attili","1973-08-18"
"Memento","2000-01-01","Guy","Pearce","1983-09-05"
"Memento","2000-01-01","Carrie-Anne","Moss","1979-09-07"
"Memento","2000-01-01","Joe","Pantoliano","1963-06-26"
"Apocalypse Now","1979-01-01","Marlon","Brando","1997-07-16"
"Apocalypse Now","1979-01-01","Martin","Sheen","1950-07-16"
"Apocalypse Now","1979-01-01","Robert","Duvall","1970-02-21"
"Django Unchained","2012-01-01","Jamie","Foxx","1989-04-17"
"Django Unchained","2012-01-01","Christoph","Waltz","1960-04-15"
"Django Unchained","2012-01-01","Leonardo","DiCaprio","1981-10-21"
"WALL·E","2008-01-01","Ben","Burtt","1988-12-09"
"WALL·E","2008-01-01","Elissa","Knight","1954-10-25"
"WALL·E","2008-01-01","Jeff","Garlin","1966-08-20"
"The Lives of Others","2006-01-01","Martina","Gedeck","1977-07-11"
"The Lives of Others","2006-01-01","Ulrich","Mühe","1981-02-10"
"The Lives of Others","2006-01-01","Sebastian","Koch","1993-05-08"
"Sunset Blvd.","2012-01-01","Victoria","Ullmann","1992-12-25"
"Paths of Glory","1957-01-01","Kirk","Douglas","1952-01-17"
"Paths of Glory","1957-01-01","Ralph","Meeker","1986-12-20"
"Paths of Glory","1957-01-01","Adolphe","Menjou","1955-10-05"
"The Shining","1980-01-01","Jack","Nicholson","1950-04-26"
"The Shining","1980-01-01","Shelley","Duvall","1974-08-21"
"The Shining","1980-01-01","Danny","Lloyd","1954-10-26"
"The Great Dictator","1940-01-01","Charles","Chaplin","1991-04-20"
"The Great Dictator","1940-01-01","Paulette","Goddard","1961-10-19"
"The Great Dictator","1940-01-01","Jack","Oakie","1998-04-11"
"Witness for the Prosecution","1957-01-01","Tyrone","Power","1998-02-20"
"Witness for the Prosecution","1957-01-01","Marlene","Dietrich","1952-07-08"
"Witness for the Prosecution","1957-01-01","Charles","Laughton","1972-04-26"
"Aliens","1986-01-01","Sigourney","Weaver","1965-09-20"
"Aliens","1986-01-01","Carrie","Henn","1973-09-25"
"Aliens","1986-01-01","Michael","Biehn","1959-03-19"
"American Beauty","1999-01-01","Kevin","Spacey","1954-09-27"
"American Beauty","1999-01-01","Annette","Bening","1996-08-18"
"American Beauty","1999-01-01","Thora","Birch","1980-09-08"
"The Dark Knight Rises","2012-01-01","Christian","Bale","1987-04-14"
"The Dark Knight Rises","2012-01-01","Tom","Hardy","1990-04-26"
"The Dark Knight Rises","2012-01-01","Anne","Hathaway","1991-08-23"
"Dr. Strangelove","2012-01-01","Jack","Snelling","1987-04-18"
"Dr. Strangelove","2012-01-01","Aidan","Keys","1971-03-13"
"Dr. Strangelove","2012-01-01","John","McDermott","1992-06-09"
"Toy Story 3","2010-01-01","Tom","Hanks","1987-04-27"
"Toy Story 3","2010-01-01","Tim","Allen","1972-10-16"
"Toy Story 3","2010-01-01","Joan","Cusack","1976-06-11"
"Princess Mononoke","1997-01-01","Yôji","Matsuda","1995-10-02"
"Princess Mononoke","1997-01-01","Yuriko","Ishida","1969-03-02"
"Princess Mononoke","1997-01-01","Yûko","Tanaka","1982-05-09"
"Braveheart","1995-01-01","James","Robinson","1970-04-26"
"Braveheart","1995-01-01","Sean","Lawlor","1998-05-02"
"Braveheart","1995-01-01","Sandy","Nelson","1966-01-26"
"Amélie","2001-01-01","Audrey","Tautou","1992-03-05"
"Amélie","2001-01-01","Mathieu","Kassovitz","1973-07-15"
"Toy Story","1995-01-01","Tom","Hanks","1987-04-27"
"Toy Story","1995-01-01","Tim","Allen","1972-10-16"
"Toy Story","1995-01-01","Don","Rickles","1988-12-21"
"Reservoir Dogs","1992-01-01","Harvey","Keitel","1961-02-14"
"Reservoir Dogs","1992-01-01","Tim","Roth","1993-10-25"
"Reservoir Dogs","1992-01-01","Michael","Madsen","1973-03-16"
"Your Name.","2016-01-01","Ryûnosuke","Kamiki","1995-12-17"
"Your Name.","2016-01-01","Mone","Kamishiraishi","1981-09-14"
"Your Name.","2016-01-01","Ryo","Narita","1953-12-18"
"Requiem for a Dream","2000-01-01","Ellen","Burstyn","1987-10-08"
"Requiem for a Dream","2000-01-01","Jared","Leto","1972-04-04"
"Requiem for a Dream","2000-01-01","Jennifer","Connelly","1985-08-06"
"Das Boot","1981-01-01","Jürgen","Prochnow","1984-03-07"
"Das Boot","1981-01-01","Herbert","Grönemeyer","1986-06-20"
"Das Boot","1981-01-01","Klaus","Wennemann","1979-04-25"
"Star Wars: Episode VI - Return of the Jedi","1983-01-01","Mark","Hamill","1976-07-21"
"Star Wars: Episode VI - Return of the Jedi","1983-01-01","Harrison","Ford","1965-02-19"
"Star Wars: Episode VI - Return of the Jedi","1983-01-01","Carrie","Fisher","1989-09-20"
"Oldboy","2003-01-01","Choi","Min-sik","1983-04-17"
"Oldboy","2003-01-01","Yoo","Ji-tae","1981-09-03"
"Oldboy","2003-01-01","Kang","Hye-jeong","1987-05-18"
"Singin' in the Rain","1952-01-01","Gene","Kelly","1978-05-06"
"Singin' in the Rain","1952-01-01","Donald","O'Connor","1967-12-02"
"Singin' in the Rain","1952-01-01","Debbie","Reynolds","1951-02-20"
"Coco","2017-01-01","Anthony","Gonzalez","1961-08-28"
"Coco","2017-01-01","Gael","García Bernal","1952-01-10"
"Coco","2017-01-01","Benjamin","Bratt","1995-12-09"
"Bicycle Thieves","1948-01-01","Lamberto","Maggiorani","1976-06-20"
"Bicycle Thieves","1948-01-01","Enzo","Staiola","1961-12-10"
"Bicycle Thieves","1948-01-01","Lianella","Carell","1979-02-21"
"2001: A Space Odyssey","1968-01-01","Keir","Dullea","1976-09-03"
"2001: A Space Odyssey","1968-01-01","Gary","Lockwood","1969-01-16"
"2001: A Space Odyssey","1968-01-01","William","Sylvester","1978-01-20"
"The Sixth Sense","1999-01-01","Bruce","Willis","1957-01-25"
"The Sixth Sense","1999-01-01","Haley","Joel Osment","1987-02-03"
"The Sixth Sense","1999-01-01","Toni","Collette","1970-04-22"
"The Kid","1921-01-01","Charles","Chaplin","1991-04-20"
"The Kid","1921-01-01","Edna","Purviance","1999-02-05"
"The Kid","1921-01-01","Jackie","Coogan","1964-04-12"
"Inglourious Basterds","2009-01-01","Brad","Pitt","1976-01-09"
"Inglourious Basterds","2009-01-01","Mélanie","Laurent","1994-11-03"
"Inglourious Basterds","2009-01-01","Christoph","Waltz","1960-04-15"
"The Hunt","2012-01-01","Mads","Mikkelsen","1952-07-16"
"The Hunt","2012-01-01","Thomas","Bo Larsen","1974-09-16"
"The Hunt","2012-01-01","Annika","Wedderkopp","1971-08-01"
"The Intouchables","2011-01-01","François","Cluzet","1966-05-22"
"The Intouchables","2011-01-01","Omar","Sy","1985-09-09"
"The Intouchables","2011-01-01","Anne","Le Ny","1976-08-04"
"Batman Begins","2005-01-01","Christian","Bale","1987-04-14"
"Batman Begins","2005-01-01","Michael","Caine","1953-03-16"
"Batman Begins","2005-01-01","Liam","Neeson","1985-02-26"
"A Clockwork Orange","1971-01-01","Malcolm","McDowell","1982-07-21"
"A Clockwork Orange","1971-01-01","Patrick","Magee","1979-10-07"
"A Clockwork Orange","1971-01-01","Michael","Bates","1968-03-21"
"Snatch","2000-01-01","Jason","Statham","1961-04-11"
"Snatch","2000-01-01","Brad","Pitt","1976-01-09"
"Snatch","2000-01-01","Stephen","Graham","1951-08-11"
"Amadeus","1984-01-01","F.","Murray Abraham","1954-09-11"
"Amadeus","1984-01-01","Tom","Hulce","1983-04-05"
"Amadeus","1984-01-01","Elizabeth","Berridge","1956-10-09"
"Three Billboards Outside Ebbing, Missouri","2017-01-01","Frances","McDormand","1973-05-15"
"Three Billboards Outside Ebbing, Missouri","2017-01-01","Woody","Harrelson","1954-07-26"
"Three Billboards Outside Ebbing, Missouri","2017-01-01","Sam","Rockwell","1956-01-21"
"Eternal Sunshine of the Spotless Mind","2004-01-01","Jim","Carrey","1984-12-27"
"Eternal Sunshine of the Spotless Mind","2004-01-01","Kate","Winslet","1963-05-22"
"Eternal Sunshine of the Spotless Mind","2004-01-01","Tom","Wilkinson","1994-04-26"
"The Wolf of Wall Street","2013-01-01","Leonardo","DiCaprio","1981-10-21"
"The Wolf of Wall Street","2013-01-01","Jonah","Hill","1971-06-21"
"The Wolf of Wall Street","2013-01-01","Margot","Robbie","1995-07-11"
"The Treasure of the Sierra Madre","1948-01-01","Humphrey","Bogart","1989-10-07"
"The Treasure of the Sierra Madre","1948-01-01","Walter","Huston","1996-05-26"
"The Treasure of the Sierra Madre","1948-01-01","Tim","Holt","1987-10-01"
"North by Northwest","1959-01-01","Cary","Grant","1989-09-03"
"North by Northwest","1959-01-01","Eva","Marie Saint","1953-08-03"
"North by Northwest","1959-01-01","James","Mason","1988-04-26"
"V for Vendetta","2005-01-01","Hugo","Weaving","1956-10-18"
"V for Vendetta","2005-01-01","Natalie","Portman","1971-08-12"
"V for Vendetta","2005-01-01","Rupert","Graves","1990-08-21"
"Raiders of the Lost Ark","1981-01-01","Harrison","Ford","1965-02-19"
"Raiders of the Lost Ark","1981-01-01","Karen","Allen","1971-05-16"
"Raiders of the Lost Ark","1981-01-01","Paul","Freeman","1986-10-12"
"The Thing","1982-01-01","Kurt","Russell","1950-01-21"
"The Thing","1982-01-01","Wilford","Brimley","1983-01-27"
"The Thing","1982-01-01","Keith","David","1971-09-10"
"Scarface","1983-01-01","Al","Pacino","1957-06-26"
"Scarface","1983-01-01","Michelle","Pfeiffer","1992-03-20"
"Scarface","1983-01-01","Steven","Bauer","1956-08-20"
"No Country for Old Men","2007-01-01","Tommy","Lee Jones","1987-04-21"
"No Country for Old Men","2007-01-01","Javier","Bardem","1978-04-15"
"No Country for Old Men","2007-01-01","Josh","Brolin","1950-06-20"
"Jaws","1975-01-01","Roy","Scheider","1953-02-20"
"Jaws","1975-01-01","Robert","Shaw","1957-02-21"
"Jaws","1975-01-01","Richard","Dreyfuss","1986-08-07"
"Raging Bull","1980-01-01","Robert","De Niro","1963-02-02"
"Raging Bull","1980-01-01","Cathy","Moriarty","1992-09-14"
"Raging Bull","1980-01-01","Joe","Pesci","1968-06-09"
"Lock, Stock and Two Smoking Barrels","1998-01-01","Jason","Flemyng","1961-04-18"
"Lock, Stock and Two Smoking Barrels","1998-01-01","Dexter","Fletcher","1965-02-20"
"Lock, Stock and Two Smoking Barrels","1998-01-01","Nick","Moran","1980-04-12"
"Fargo","1996-01-01","William","H. Macy","1995-01-25"
"Fargo","1996-01-01","Frances","McDormand","1973-05-15"
"Fargo","1996-01-01","Steve","Buscemi","1963-08-19"
"The Elephant Man","1980-01-01","Anthony","Hopkins","1951-08-02"
"The Elephant Man","1980-01-01","John","Hurt","1950-06-07"
"The Elephant Man","1980-01-01","Anne","Bancroft","1983-08-23"
"The Sting","1973-01-01","Paul","Newman","1998-10-12"
"The Sting","1973-01-01","Robert","Redford","1964-02-19"
"The Sting","1973-01-01","Robert","Shaw","1957-02-21"
"The Apartment","1960-01-01","Jack","Lemmon","1975-04-26"
"The Apartment","1960-01-01","Shirley","MacLaine","1980-08-16"
"The Apartment","1960-01-01","Fred","MacMurray","1980-05-23"
"The Iron Giant","1999-01-01","Eli","Marienthal","1993-10-10"
"The Iron Giant","1999-01-01","Harry","Connick Jr.","1975-02-21"
"The Iron Giant","1999-01-01","Jennifer","Aniston","1981-08-26"
"Good Will Hunting","1997-01-01","Matt","Damon","1983-07-26"
"Good Will Hunting","1997-01-01","Ben","Affleck","1993-12-11"
"Good Will Hunting","1997-01-01","Stellan","Skarsgård","1967-08-19"
"Die Hard","1988-01-01","Bruce","Willis","1957-01-25"
"Die Hard","1988-01-01","Alan","Rickman","1971-06-12"
"Die Hard","1988-01-01","Bonnie","Bedelia","1963-10-07"
"Indiana Jones and the Last Crusade","1989-01-01","Harrison","Ford","1965-02-19"
"Indiana Jones and the Last Crusade","1989-01-01","Sean","Connery","1957-05-12"
"Indiana Jones and the Last Crusade","1989-01-01","Alison","Doody","1957-06-26"
"The General","1926-01-01","Buster","Keaton","1971-04-26"
"The General","1926-01-01","Marion","Mack","1976-07-11"
"The General","1926-01-01","Glen","Cavender","1980-12-20"
"The Grand Budapest Hotel","2014-01-01","Ralph","Fiennes","1997-12-21"
"The Grand Budapest Hotel","2014-01-01","F.","Murray Abraham","1954-09-11"
"The Grand Budapest Hotel","2014-01-01","Mathieu","Amalric","1996-07-09"
"The Deer Hunter","1978-01-01","Robert","De Niro","1963-02-02"
"The Deer Hunter","1978-01-01","John","Cazale","1973-06-14"
"The Deer Hunter","1978-01-01","John","Savage","1980-06-09"
"The Third Man","1949-01-01","Orson","Welles","1981-02-21"
"The Third Man","1949-01-01","Joseph","Cotten","1970-06-16"
"The Third Man","1949-01-01","Alida","Valli","1961-06-18"
"The Incredibles","2004-01-01","Craig","T. Nelson","1953-02-26"
"The Incredibles","2004-01-01","Samuel","L. Jackson","1964-01-26"
"The Incredibles","2004-01-01","Holly","Hunter","1982-04-20"
"The Exorcist","1973-01-01","Ellen","Burstyn","1987-10-08"
"The Exorcist","1973-01-01","Max","von Sydow","1981-07-07"
"The Exorcist","1973-01-01","Linda","Blair","1960-02-24"
"Warrior","2011-01-01","Tom","Hardy","1990-04-26"
"Warrior","2011-01-01","Nick","Nolte","1985-04-22"
"Warrior","2011-01-01","Joel","Edgerton","1950-06-26"
"Trainspotting","1996-01-01","Ewan","McGregor","1967-09-02"
"Trainspotting","1996-01-01","Ewen","Bremner","1996-09-20"
"Trainspotting","1996-01-01","Jonny","Lee Miller","1981-06-20"
"Children of Men","2006-01-01","Juan","Gabriel Yacuzzi","1957-12-04"
"Children of Men","2006-01-01","Mishal","Husain","1954-03-20"
"Children of Men","2006-01-01","Rob","Curling","1997-02-18"
"The Princess Bride","1987-01-01","Cary","Elwes","1993-09-21"
"The Princess Bride","1987-01-01","Mandy","Patinkin","1967-07-20"
"The Princess Bride","1987-01-01","Chris","Sarandon","1959-04-26"
"The Terminator","1984-01-01","Arnold","Schwarzenegger","1961-12-20"
"The Terminator","1984-01-01","Linda","Hamilton","1998-02-26"
"The Terminator","1984-01-01","Michael","Biehn","1959-03-19"
"The Graduate","1967-01-01","Dustin","Hoffman","1966-06-12"
"The Graduate","1967-01-01","Anne","Bancroft","1983-08-23"
"The Graduate","1967-01-01","Katharine","Ross","1974-05-07"
"Inside Out","2015-01-01","Amy","Poehler","1996-07-20"
"Inside Out","2015-01-01","Phyllis","Smith","1990-05-25"
"Inside Out","2015-01-01","Richard","Kind","1973-08-15"
"The Gold Rush","1925-01-01","Charles","Chaplin","1991-04-20"
"The Gold Rush","1925-01-01","Mack","Swain","1976-07-20"
"The Gold Rush","1925-01-01","Tom","Murray","1976-04-23"
"The Man Who Shot Liberty Valance","1962-01-01","James","Stewart","1974-04-07"
"The Man Who Shot Liberty Valance","1962-01-01","John","Wayne","1997-06-16"
"The Man Who Shot Liberty Valance","1962-01-01","Vera","Miles","1986-08-21"
"The Wizard of Oz","1939-01-01","Judy","Garland","1991-12-15"
"The Wizard of Oz","1939-01-01","Frank","Morgan","1992-05-12"
"The Wizard of Oz","1939-01-01","Ray","Bolger","1985-12-20"
"The Hangover","2009-01-01","Zach","Galifianakis","1991-08-25"
"The Hangover","2009-01-01","Bradley","Cooper","1955-01-20"
"The Hangover","2009-01-01","Justin","Bartha","1963-12-06"
"On the Waterfront","1954-01-01","Marlon","Brando","1997-07-16"
"On the Waterfront","1954-01-01","Karl","Malden","1969-05-16"
"On the Waterfront","1954-01-01","Lee","J. Cobb","1986-10-01"
"Cool Hand Luke","1967-01-01","Paul","Newman","1998-10-12"
"Cool Hand Luke","1967-01-01","George","Kennedy","1951-05-26"
"Cool Hand Luke","1967-01-01","Strother","Martin","1960-08-20"
"The Passion of Joan of Arc","1928-01-01","Maria","Falconetti","1955-07-26"
"The Passion of Joan of Arc","1928-01-01","Eugene","Silvain","1959-07-20"
"The Passion of Joan of Arc","1928-01-01","André","Berley","1965-08-27"
"Up","2009-01-01","Edward","Asner","1986-02-20"
"Up","2009-01-01","Jordan","Nagai","1968-06-07"
"Up","2009-01-01","John","Ratzenberger","1990-06-20"
"The 400 Blows","1959-01-01","Jean-Pierre","Léaud","1997-08-22"
"The 400 Blows","1959-01-01","Albert","Rémy","1979-06-07"
"The 400 Blows","1959-01-01","Claire","Maurier","1999-08-20"
"Heat","1995-01-01","Al","Pacino","1957-06-26"
"Heat","1995-01-01","Robert","De Niro","1963-02-02"
"Heat","1995-01-01","Val","Kilmer","1985-04-20"
"Double Indemnity","1944-01-01","Fred","MacMurray","1980-05-23"
"Double Indemnity","1944-01-01","Barbara","Stanwyck","1967-08-11"
"Double Indemnity","1944-01-01","Edward","G. Robinson","1972-02-26"
"The Wild Bunch","1969-01-01","William","Holden","1953-01-16"
"The Wild Bunch","1969-01-01","Ernest","Borgnine","1977-04-16"
"The Wild Bunch","1969-01-01","Robert","Ryan","1964-02-12"
"The Battle of Algiers","1966-01-01","Brahim","Hadjadj","1955-01-11"
"The Battle of Algiers","1966-01-01","Jean","Martin","1983-08-20"
"The Battle of Algiers","1966-01-01","Yacef","Saadi","1952-07-10"
"The Wages of Fear","1953-01-01","Yves","Montand","1976-04-15"
"The Wages of Fear","1953-01-01","Charles","Vanel","1990-04-14"
"The Wages of Fear","1953-01-01","Peter","van Eyck","1997-02-11"
"L.A. Confidential","1997-01-01","Kevin","Spacey","1954-09-27"
"L.A. Confidential","1997-01-01","Russell","Crowe","1990-08-25"
"L.A. Confidential","1997-01-01","Guy","Pearce","1983-09-05"
"The Bridge on the River Kwai","1957-01-01","William","Holden","1953-01-16"
"The Bridge on the River Kwai","1957-01-01","Alec","Guinness","1999-06-07"
"The Bridge on the River Kwai","1957-01-01","Jack","Hawkins","1984-04-02"
"Dog Day Afternoon","1975-01-01","Al","Pacino","1957-06-26"
"Dog Day Afternoon","1975-01-01","John","Cazale","1973-06-14"
"Dog Day Afternoon","1975-01-01","Penelope","Allen","1998-02-16"
"The Night of the Hunter","1955-01-01","Robert","Mitchum","1981-02-03"
"The Night of the Hunter","1955-01-01","Shelley","Winters","1956-08-06"
"The Night of the Hunter","1955-01-01","Lillian","Gish","1986-02-24"
"The Day the Earth Stood Still","2008-01-01","Keanu","Reeves","1950-09-21"
"The Day the Earth Stood Still","2008-01-01","Jennifer","Connelly","1985-08-06"
"The Day the Earth Stood Still","2008-01-01","Kathy","Bates","1990-05-21"
"The Best Years of Our Lives","1946-01-01","Myrna","Loy","1959-07-09"
"The Best Years of Our Lives","1946-01-01","Dana","Andrews","1978-10-11"
"The Best Years of Our Lives","1946-01-01","Fredric","March","1976-05-08"
"The Grapes of Wrath","1940-01-01","Henry","Fonda","1988-06-02"
"The Grapes of Wrath","1940-01-01","Jane","Darwell","1979-04-21"
"The Grapes of Wrath","1940-01-01","John","Carradine","1986-06-16"
"The Manchurian Candidate","2004-01-01","Denzel","Washington","1950-02-26"
"The Manchurian Candidate","2004-01-01","Liev","Schreiber","1951-02-20"
"The Manchurian Candidate","2004-01-01","Meryl","Streep","1980-11-18"
"In the Name of the Father","1993-01-01","Daniel","Day-Lewis","1968-10-25"
"In the Name of the Father","1993-01-01","Pete","Postlethwaite","1969-02-22"
"In the Name of the Father","1993-01-01","Alison","Crosbie","1957-06-11"
"The Straight Story","1999-01-01","Richard","Farnsworth","1953-08-25"
"The Straight Story","1999-01-01","Sissy","Spacek","1970-09-13"
"The Straight Story","1999-01-01","Jane","Galloway Heitz","1994-04-15"
"Butch Cassidy and the Sundance Kid","1969-01-01","Paul","Newman","1998-10-12"
"Butch Cassidy and the Sundance Kid","1969-01-01","Robert","Redford","1964-02-19"
"Butch Cassidy and the Sundance Kid","1969-01-01","Katharine","Ross","1974-05-07"
"The French Connection","1971-01-01","Gene","Hackman","1956-05-12"
"The French Connection","1971-01-01","Roy","Scheider","1953-02-20"
"The French Connection","1971-01-01","Fernando","Rey","1999-04-27"
"The King of Comedy","1982-01-01","Robert","De Niro","1963-02-02"
"The King of Comedy","1982-01-01","Jerry","Lewis","1972-08-25"
"The King of Comedy","1982-01-01","Diahnne","Abbott","1981-06-09"
"The Conversation","1974-01-01","Gene","Hackman","1956-05-12"
"The Conversation","1974-01-01","John","Cazale","1973-06-14"
"The Conversation","1974-01-01","Allen","Garfield","1972-06-13"
"All About Eve","1950-01-01","Bette","Davis","1985-12-25"
"All About Eve","1950-01-01","Anne","Baxter","1982-08-20"
"All About Eve","1950-01-01","George","Sanders","1953-05-06"
"The Maltese Falcon","1941-01-01","Humphrey","Bogart","1989-10-07"
"The Maltese Falcon","1941-01-01","Mary","Astor","1962-07-02"
"The Maltese Falcon","1941-01-01","Gladys","George","1995-12-09"
"The Lady Eve","1941-01-01","Barbara","Stanwyck","1967-08-11"
"The Lady Eve","1941-01-01","Henry","Fonda","1988-06-02"
"The Lady Eve","1941-01-01","Charles","Coburn","1955-04-01"
"Sullivan's Travels","1941-01-01","Joel","McCrea","1981-06-03"
"Sullivan's Travels","1941-01-01","Veronica","Lake","1986-08-13"
"Sullivan's Travels","1941-01-01","Robert","Warwick","1982-02-11"
"The Shop Around the Corner","1940-01-01","Margaret","Sullavan","1989-07-12"
"The Shop Around the Corner","1940-01-01","James","Stewart","1974-04-07"
"The Shop Around the Corner","1940-01-01","Frank","Morgan","1992-05-12"
"High Noon","1952-01-01","Gary","Cooper","1951-01-20"
"High Noon","1952-01-01","Grace","Kelly","1977-06-06"
"High Noon","1952-01-01","Thomas","Mitchell","1970-09-21"
"The Searchers","1956-01-01","John","Wayne","1997-06-16"
"The Searchers","1956-01-01","Jeffrey","Hunter","1977-08-20"
"The Searchers","1956-01-01","Vera","Miles","1986-08-21"
"Rio Bravo","1959-01-01","John","Wayne","1997-06-16"
"Rio Bravo","1959-01-01","Dean","Martin","1977-02-20"
"Rio Bravo","1959-01-01","Ricky","Nelson","1969-08-26"
"The Alamo","2004-01-01","Dennis","Quaid","1991-02-10"
"The Alamo","2004-01-01","Billy","Bob Thornton","1957-04-26"
"The Alamo","2004-01-01","Emilio","Echevarría","1989-11-27"
"Lawrence of Arabia","1962-01-01","Peter","O'Toole","1977-02-14"
"Lawrence of Arabia","1962-01-01","Alec","Guinness","1999-06-07"
"Lawrence of Arabia","1962-01-01","Anthony","Quinn","1992-08-25"
"Doctor Zhivago","1965-01-01","Omar","Sharif","1986-09-12"
"Doctor Zhivago","1965-01-01","Julie","Christie","1964-12-11"
"Doctor Zhivago","1965-01-01","Geraldine","Chaplin","1992-05-20"
"The Sound of Music","1965-01-01","Julie","Andrews","1961-12-11"
"The Sound of Music","1965-01-01","Christopher","Plummer","1983-04-20"
"The Sound of Music","1965-01-01","Eleanor","Parker","1955-10-20"
"West Side Story","1961-01-01","Natalie","Wood","1993-08-16"
"West Side Story","1961-01-01","George","Chakiris","1997-05-25"
"West Side Story","1961-01-01","Richard","Beymer","1995-08-20"
"My Fair Lady","1964-01-01","Audrey","Hepburn","1974-03-01"
"My Fair Lady","1964-01-01","Rex","Harrison","1973-04-26"
"My Fair Lady","1964-01-01","Stanley","Holloway","1965-08-23"
"Mary Poppins","1964-01-01","Julie","Andrews","1961-12-11"
"Mary Poppins","1964-01-01","Dick","Van Dyke","1983-06-13"
"Mary Poppins","1964-01-01","David","Tomlinson","1983-10-26"
"The Music Man","1962-01-01","Robert","Preston","1951-02-26"
"The Music Man","1962-01-01","Shirley","Jones","1979-08-21"
"The Music Man","1962-01-01","Buddy","Hackett","1994-04-09"
"The Longest Day","1962-01-01","John","Wayne","1997-06-16"
"The Longest Day","1962-01-01","Robert","Ryan","1964-02-12"
"The Longest Day","1962-01-01","Richard","Burton","1967-08-26"
"How the West Was Won","1962-01-01","James","Stewart","1974-04-07"
"How the West Was Won","1962-01-01","John","Wayne","1997-06-16"
"How the West Was Won","1962-01-01","Gregory","Peck","1954-06-11"
"The Great Escape","1963-01-01","Steve","McQueen","1987-08-16"
"The Great Escape","1963-01-01","James","Garner","1985-04-20"
"The Great Escape","1963-01-01","Richard","Attenborough","1999-08-12"
"To Kill a Mockingbird","1962-01-01","Gregory","Peck","1954-06-11"
"To Kill a Mockingbird","1962-01-01","John","Megna","1969-06-12"
"To Kill a Mockingbird","1962-01-01","Frank","Overton","1979-05-26"
"The Birds","1963-01-01","Rod","Taylor","1960-02-02"
"The Birds","1963-01-01","Tippi","Hedren","1998-10-16"
"The Birds","1963-01-01","Jessica","Tandy","1950-08-26"
"Marnie","1964-01-01","Tippi","Hedren","1998-10-16"
"Marnie","1964-01-01","Sean","Connery","1957-05-12"
"Marnie","1964-01-01","Martin","Gabel","1976-07-14"
"Frenzy","1972-01-01","Jon","Finch","1965-06-08"
"Frenzy","1972-01-01","Barry","Foster","1971-08-20"
"Frenzy","1972-01-01","Barbara","Leigh-Hunt","1964-08-03"
"Family Plot","1976-01-01","Karen","Black","1956-05-11"
"Family Plot","1976-01-01","Bruce","Dern","1972-01-01"
"Family Plot","1976-01-01","Barbara","Harris","1982-08-25"
"Vertigo","1958-01-01","James","Stewart","1974-04-07"
"Vertigo","1958-01-01","Kim","Novak","1982-01-09"
"Vertigo","1958-01-01","Barbara","Bel Geddes","1960-08-21"
"Rebel Without a Cause","1955-01-01","James","Dean","1954-04-12"
"Rebel Without a Cause","1955-01-01","Natalie","Wood","1993-08-16"
"Rebel Without a Cause","1955-01-01","Sal","Mineo","1974-01-17"
"East of Eden","1955-01-01","James","Dean","1954-04-12"
"East of Eden","1955-01-01","Raymond","Massey","1988-12-27"
"East of Eden","1955-01-01","Julie","Harris","1954-12-25"
"Giant","1956-01-01","Elizabeth","Taylor","1987-10-02"
"Giant","1956-01-01","Rock","Hudson","1956-02-26"
"Giant","1956-01-01","James","Dean","1954-04-12"
"A Place in the Sun","1951-01-01","Montgomery","Clift","1953-09-23"
"A Place in the Sun","1951-01-01","Elizabeth","Taylor","1987-10-02"
"A Place in the Sun","1951-01-01","Shelley","Winters","1956-08-06"
"Sunset Boulevard","1950-01-01","William","Holden","1953-01-16"
"Sunset Boulevard","1950-01-01","Gloria","Swanson","1983-12-26"
"Sunset Boulevard","1950-01-01","Erich","von Stroheim","1987-04-19"
"The Asphalt Jungle","1950-01-01","Sterling","Hayden","1973-08-16"
"The Asphalt Jungle","1950-01-01","Louis","Calhern","1957-08-01"
"The Asphalt Jungle","1950-01-01","Jean","Hagen","1997-08-16"
"White Heat","1949-01-01","James","Cagney","1977-04-27"
"White Heat","1949-01-01","Virginia","Mayo","1963-12-09"
"White Heat","1949-01-01","Edmond","O'Brien","1995-02-16"
"The Set-Up","1949-01-01","Robert","Ryan","1964-02-12"
"The Set-Up","1949-01-01","Audrey","Totter","1992-03-20"
"The Set-Up","1949-01-01","George","Tobias","1993-05-17"
"Force of Evil","1948-01-01","John","Garfield","1979-06-13"
"Force of Evil","1948-01-01","Thomas","Gomez","1966-09-28"
"Force of Evil","1948-01-01","Beatrice","Pearson","1959-12-26"
"Brute Force","1947-01-01","Burt","Lancaster","1970-04-20"
"Brute Force","1947-01-01","Hume","Cronyn","1964-10-08"
"Brute Force","1947-01-01","Charles","Bickford","1992-04-19"
"The Naked City","1948-01-01","Barry","Fitzgerald","1980-08-13"
"The Naked City","1948-01-01","Howard","Duff","1984-04-09"
"The Naked City","1948-01-01","Dorothy","Hart","1976-12-07"
"Call Northside 777","1948-01-01","James","Stewart","1974-04-07"
"Call Northside 777","1948-01-01","Richard","Conte","1988-08-22"
"Call Northside 777","1948-01-01","Lee","J. Cobb","1986-10-01"
"Boomerang!","1947-01-01","Dana","Andrews","1978-10-11"
"Boomerang!","1947-01-01","Jane","Wyatt","1951-04-09"
"Boomerang!","1947-01-01","Lee","J. Cobb","1986-10-01"
"The Big Heat","1953-01-01","Glenn","Ford","1977-12-19"
"The Big Heat","1953-01-01","Gloria","Grahame","1981-12-15"
"The Big Heat","1953-01-01","Jocelyn","Brando","1954-06-16"
"On Dangerous Ground","1951-01-01","Ida","Lupino","1983-06-26"
"On Dangerous Ground","1951-01-01","Robert","Ryan","1964-02-12"
"On Dangerous Ground","1951-01-01","Ward","Bond","1967-05-15"
"Pickup on South Street","1953-01-01","Richard","Widmark","1952-08-26"
"Pickup on South Street","1953-01-01","Jean","Peters","1991-08-06"
"Pickup on South Street","1953-01-01","Thelma","Ritter","1969-09-20"
"Nightfall","1956-01-01","Aldo","Ray","1966-06-23"
"Nightfall","1956-01-01","Anne","Bancroft","1983-08-23"
"Nightfall","1956-01-01","Brian","Keith","1975-01-25"
"The Narrow Margin","1952-01-01","Charles","McGraw","1965-04-21"
"The Narrow Margin","1952-01-01","Marie","Windsor","1968-07-02"
"The Narrow Margin","1952-01-01","Jacqueline","White","1970-04-22"
"Crime Wave","1953-01-01","Gene","Nelson","1988-05-26"
"Crime Wave","1953-01-01","Sterling","Hayden","1973-08-16"
"Crime Wave","1953-01-01","Phyllis","Kirk","1974-05-26"
"The Big Combo","1955-01-01","Cornel","Wilde","1994-11-06"
"The Big Combo","1955-01-01","Richard","Conte","1988-08-22"
"The Big Combo","1955-01-01","Jean","Wallace","1961-08-05"
"Kiss Me Deadly","1955-01-01","Ralph","Meeker","1986-12-20"
"Kiss Me Deadly","1955-01-01","Albert","Dekker","1982-06-20"
"Kiss Me Deadly","1955-01-01","Paul","Stewart","1980-10-07"
"Touch of Evil","1958-01-01","Charlton","Heston","1984-04-26"
"Touch of Evil","1958-01-01","Orson","Welles","1981-02-21"
"Touch of Evil","1958-01-01","Janet","Leigh","1969-04-12"
"Sweet Smell of Success","1957-01-01","Burt","Lancaster","1970-04-20"
"Sweet Smell of Success","1957-01-01","Tony","Curtis","1992-04-25"
"Sweet Smell of Success","1957-01-01","Susan","Harrison","1992-09-26"
"The Wrong Man","1956-01-01","Henry","Fonda","1988-06-02"
"The Wrong Man","1956-01-01","Vera","Miles","1986-08-21"
"The Wrong Man","1956-01-01","Anthony","Quayle","1994-08-14"
"Anatomy of a Murder","1959-01-01","James","Stewart","1974-04-07"
"Anatomy of a Murder","1959-01-01","Lee","Remick","1963-10-11"
"Anatomy of a Murder","1959-01-01","Ben","Gazzara","1979-12-16"
"In Cold Blood","1967-01-01","Robert","Blake","1983-02-13"
"In Cold Blood","1967-01-01","Scott","Wilson","1993-03-26"
"In Cold Blood","1967-01-01","John","Forsythe","1983-06-10"
"Bullitt","1968-01-01","Steve","McQueen","1987-08-16"
"Bullitt","1968-01-01","Jacqueline","Bisset","1975-04-22"
"Bullitt","1968-01-01","Robert","Vaughn","1971-02-19"
"Dirty Harry","1971-01-01","Clint","Eastwood","1976-08-16"
"Dirty Harry","1971-01-01","Andrew","Robinson","1983-08-26"
"Dirty Harry","1971-01-01","Harry","Guardino","1975-02-26"
"Serpico","1973-01-01","Al","Pacino","1957-06-26"
"Serpico","1973-01-01","John","Randolph","1955-06-21"
"Serpico","1973-01-01","Jack","Kehoe","1951-04-17"
"Prince of the City","1981-01-01","Treat","Williams","1978-07-01"
"Prince of the City","1981-01-01","Jerry","Orbach","1997-08-08"
"Prince of the City","1981-01-01","Richard","Foronjy","1976-08-04"
"The Untouchables","1987-01-01","Kevin","Costner","1975-09-20"
"The Untouchables","1987-01-01","Sean","Connery","1957-05-12"
"The Untouchables","1987-01-01","Charles","Martin Smith","1956-04-25"
"Zodiac","2007-01-01","Jake","Gyllenhaal","1986-04-10"
"Zodiac","2007-01-01","Robert","Downey Jr.","1950-02-21"
"Zodiac","2007-01-01","Mark","Ruffalo","1996-07-24"
"Gone Girl","2014-01-01","Ben","Affleck","1993-12-11"
"Gone Girl","2014-01-01","Rosamund","Pike","1966-02-13"
"Gone Girl","2014-01-01","Neil","Patrick Harris","1991-12-25"
"Prisoners","2013-01-01","Hugh","Jackman","1971-10-12"
"Prisoners","2013-01-01","Jake","Gyllenhaal","1986-04-10"
"Prisoners","2013-01-01","Viola","Davis","1992-12-25"
"The Girl with the Dragon Tattoo","2011-01-01","Daniel","Craig","1957-10-13"
"The Girl with the Dragon Tattoo","2011-01-01","Rooney","Mara","1953-02-16"
"The Girl with the Dragon Tattoo","2011-01-01","Christopher","Plummer","1983-04-20"
"Mystic River","2003-01-01","Sean","Penn","1974-05-25"
"Mystic River","2003-01-01","Tim","Robbins","1999-10-02"
"Mystic River","2003-01-01","Kevin","Bacon","1974-09-26"
"The Town","2010-01-01","Ben","Affleck","1993-12-11"
"The Town","2010-01-01","Rebecca","Hall","1994-04-21"
"The Town","2010-01-01","Jon","Hamm","1964-06-23"
"Shutter Island","2010-01-01","Leonardo","DiCaprio","1981-10-21"
"Shutter Island","2010-01-01","Emily","Mortimer","1991-11-20"
"Shutter Island","2010-01-01","Mark","Ruffalo","1996-07-24"
"Insomnia","2002-01-01","Al","Pacino","1957-06-26"
"Insomnia","2002-01-01","Martin","Donovan","1976-07-12"
"Insomnia","2002-01-01","Oliver","'Ole' Zemen","1966-08-16"
"Dunkirk","2017-01-01","Fionn","Whitehead","1953-08-02"
"Dunkirk","2017-01-01","Barry","Keoghan","1995-08-12"
"Dunkirk","2017-01-01","Mark","Rylance","1995-07-05"
"Tenet","2020-01-01","John","David Washington","1959-06-26"
"Tenet","2020-01-01","Robert","Pattinson","1964-02-26"
"Tenet","2020-01-01","Elizabeth","Debicki","1985-10-17"
"Oppenheimer","2023-01-01","Cillian","Murphy","1977-05-02"
"Oppenheimer","2023-01-01","Emily","Blunt","1961-11-03"
"Oppenheimer","2023-01-01","Robert","Downey Jr.","1950-02-21"
"The Revenant","2015-01-01","Leonardo","DiCaprio","1981-10-21"
"The Revenant","2015-01-01","Tom","Hardy","1990-04-26"
"The Revenant","2015-01-01","Will","Poulter","1987-01-20"
"Birdman or (The Unexpected Virtue of Ignorance)","2014-01-01","Michael","Keaton","1983-03-26"
"Birdman or (The Unexpected Virtue of Ignorance)","2014-01-01","Zach","Galifianakis","1991-08-25"
"Birdman or (The Unexpected Virtue of Ignorance)","2014-01-01","Edward","Norton","1971-02-26"
"Moonlight","2016-01-01","Mahershala","Ali","1974-07-18"
"Moonlight","2016-01-01","Naomie","Harris","1950-08-25"
"Moonlight","2016-01-01","Trevante","Rhodes","1986-07-21"
"La La Land","2016-01-01","Ryan","Gosling","1965-12-18"
"La La Land","2016-01-01","Emma","Stone","1987-11-16"
"La La Land","2016-01-01","Rosemarie","DeWitt","1960-02-09"
"Manchester by the Sea","2016-01-01","Casey","Affleck","1967-09-11"
"Manchester by the Sea","2016-01-01","Michelle","Williams","1969-03-01"
"Manchester by the Sea","2016-01-01","Kyle","Chandler","1988-05-20"
"Call Me by Your Name","2017-01-01","Timothée","Chalamet","1994-10-22"
"Call Me by Your Name","2017-01-01","Armie","Hammer","1978-12-20"
"Call Me by Your Name","2017-01-01","Michael","Stuhlbarg","1963-03-22"
"Lady Bird","2017-01-01","Saoirse","Ronan","1968-01-12"
"Lady Bird","2017-01-01","Laurie","Metcalf","1992-06-15"
"Lady Bird","2017-01-01","Tracy","Letts","1971-07-08"
"Phantom Thread","2017-01-01","Vicky","Krieps","1972-12-04"
"Phantom Thread","2017-01-01","Daniel","Day-Lewis","1968-10-25"
"Phantom Thread","2017-01-01","Lesley","Manville","1978-10-14"
"The Shape of Water","2017-01-01","Sally","Hawkins","1974-01-02"
"The Shape of Water","2017-01-01","Octavia","Spencer","1963-11-20"
"The Shape of Water","2017-01-01","Michael","Shannon","1998-03-26"
