"MovieTitle","MovieReleaseDate","FirstName","LastName","DateOfBirth"
"The Shawshank Redemption","1994-01-01","Stephen","King","1952-08-18"
"The Shawshank Redemption","1994-01-01","Frank","Darabont","1991-05-03"
"The Godfather","1972-01-01","Mario","Puzo","1966-07-10"
"The Godfather","1972-01-01","Francis","Ford Coppola","1987-05-10"
"The Dark Knight","2008-01-01","Jonathan","Nolan","1955-06-12"
"The Dark Knight","2008-01-01","Christopher","Nolan","1999-04-12"
"The Dark Knight","2008-01-01","David","S. Goyer","1999-10-20"
"The Godfather Part II","1974-01-01","Francis","Ford Coppola","1987-05-10"
"The Godfather Part II","1974-01-01","Mario","Puzo","1966-07-10"
"12 Angry Men","1957-01-01","Reginald","Rose","1997-04-21"
"Schindler's List","1993-01-01","Thomas","Keneally","1973-09-06"
"Schindler's List","1993-01-01","Steven","Zaillian","1981-08-12"
"The Lord of the Rings: The Return of the King","2003-01-01","J.R.R.","Tolkien","1984-01-16"
"The Lord of the Rings: The Return of the King","2003-01-01","Fran","Walsh","1984-05-24"
"The Lord of the Rings: The Return of the King","2003-01-01","Philippa","Boyens","1979-05-02"
"Pulp Fiction","1994-01-01","Quentin","Tarantino","1966-07-26"
"Pulp Fiction","1994-01-01","Roger","Avary","1958-02-12"
"The Lord of the Rings: The Fellowship of the Ring","2001-01-01","J.R.R.","Tolkien","1984-01-16"
"The Lord of the Rings: The Fellowship of the Ring","2001-01-01","Fran","Walsh","1984-05-24"
"The Lord of the Rings: The Fellowship of the Ring","2001-01-01","Philippa","Boyens","1979-05-02"
"Forrest Gump","1994-01-01","Winston","Groom","1952-01-25"
"Forrest Gump","1994-01-01","Eric","Roth","1982-04-25"
"Inception","2010-01-01","Christopher","Nolan","1999-04-12"
"The Lord of the Rings: The Two Towers","2002-01-01","J.R.R.","Tolkien","1984-01-16"
"The Lord of the Rings: The Two Towers","2002-01-01","Fran","Walsh","1984-05-24"
"The Lord of the Rings: The Two Towers","2002-01-01","Philippa","Boyens","1979-05-02"
"Fight Club","1999-01-01","Chuck","Palahniuk","1951-04-01"
"Fight Club","1999-01-01","Jim","Uhls","1982-12-28"
"Star Wars: Episode V - The Empire Strikes Back","1980-01-01","Leigh","Brackett","1987-10-09"
"Star Wars: Episode V - The Empire Strikes Back","1980-01-01","Lawrence","Kasdan","1993-06-12"
"Star Wars: Episode V - The Empire Strikes Back","1980-01-01","George","Lucas","1987-05-17"
"The Matrix","1999-01-01","Lilly","Wachowski","1994-02-17"
"The Matrix","1999-01-01","Lana","Wachowski","1956-06-17"
"Goodfellas","1990-01-01","Nicholas","Pileggi","1954-04-13"
"Goodfellas","1990-01-01","Martin","Scorsese","1990-07-21"
"One Flew Over the Cuckoo's Nest","1975-01-01","Lawrence","Hauben","1994-06-16"
"One Flew Over the Cuckoo's Nest","1975-01-01","Bo","Goldman","1965-10-12"
"One Flew Over the Cuckoo's Nest","1975-01-01","Ken","Kesey","1981-09-27"
"Se7en","1995-01-01","Andrew","Kevin Walker","1996-08-20"
"Interstellar","2014-01-01","Jonathan","Nolan","1955-06-12"
"Interstellar","2014-01-01","Christopher","Nolan","1999-04-12"
"It's a Wonderful Life","1946-01-01","Frances","Goodrich","1953-05-08"
"It's a Wonderful Life","1946-01-01","Albert","Hackett","1992-06-09"
"It's a Wonderful Life","1946-01-01","Frank","Capra","1967-05-16"
"The Silence of the Lambs","1991-01-01","Thomas","Harris","1969-09-25"
"The Silence of the Lambs","1991-01-01","Ted","Tally","1985-06-06"
"Saving Private Ryan","1998-01-01","Robert","Rodat","1960-02-18"
"City of God","2002-01-01","Bráulio","Mantovani","1969-01-20"
"City of God","2002-01-01","Paulo","Lins","1951-10-02"
"Life Is Beautiful","1997-01-01","Vincenzo","Cerami","1969-12-19"
"Life Is Beautiful","1997-01-01","Roberto","Benigni","1965-02-20"
"The Green Mile","1999-01-01","Stephen","King","1952-08-18"
"The Green Mile","1999-01-01","Frank","Darabont","1991-05-03"
"Star Wars: Episode IV - A New Hope","1977-01-01","George","Lucas","1987-05-17"
"Terminator 2: Judgment Day","1991-01-01","James","Cameron","1987-04-26"
"Terminator 2: Judgment Day","1991-01-01","William","Wisher","1977-01-20"
"Back to the Future","1985-01-01","Robert","Zemeckis","1981-02-25"
"Back to the Future","1985-01-01","Bob","Gale","1984-10-14"
"Spirited Away","2001-01-01","Hayao","Miyazaki","1961-02-17"
"The Pianist","2002-01-01","Ronald","Harwood","1964-02-16"
"The Pianist","2002-01-01","Wladyslaw","Szpilman","1980-04-12"
"Psycho","1960-01-01","Joseph","Stefano","1969-06-26"
"Psycho","1960-01-01","Robert","Bloch","1992-02-08"
"Whiplash","2014-01-01","Damien","Chazelle","1980-10-14"
"The Lion King","1994-01-01","Irene","Mecchi","1966-08-14"
"The Lion King","1994-01-01","Jonathan","Roberts","1988-06-08"
"The Lion King","1994-01-01","Linda","Woolverton","1957-02-26"
"Gladiator","2000-01-01","David","Franzoni","1959-10-20"
"Gladiator","2000-01-01","John","Logan","1978-06-12"
"Gladiator","2000-01-01","William","Nicholson","1992-01-26"
"American History X","1998-01-01","David","McKenna","1989-10-12"
"The Departed","2006-01-01","William","Monahan","1957-01-12"
"The Departed","2006-01-01","Alan","Mak","1993-06-09"
"The Departed","2006-01-01","Felix","Chong","1981-04-18"
"The Usual Suspects","1995-01-01","Christopher","McQuarrie","1950-04-11"
"The Prestige","2006-01-01","Jonathan","Nolan","1955-06-12"
"The Prestige","2006-01-01","Christopher","Nolan","1999-04-12"
"The Prestige","2006-01-01","Christopher","Priest","1976-04-08"
"Grave of the Fireflies","1988-01-01","Akiyuki","Nosaka","1964-05-09"
"Grave of the Fireflies","1988-01-01","Isao","Takahata","1977-09-18"
"Casablanca","1942-01-01","Philip","G. Epstein","1973-05-20"
"Casablanca","1942-01-01","Julius","J. Epstein","1998-12-20"
"Casablanca","1942-01-01","Howard","Koch","1984-04-08"
"Modern Times","1936-01-01","Charles","Chaplin","1991-04-20"
"Once Upon a Time in America","1984-01-01","Harry","Grey","1957-02-27"
"Once Upon a Time in America","1984-01-01","Leonardo","Benvenuti","1996-10-26"
"Once Upon a Time in America","1984-01-01","Piero","De Bernardi","1951-06-10"
"Rear Window","1954-01-01","John","Michael Hayes","1960-06-21"
"Rear Window","1954-01-01","Cornell","Woolrich","1990-11-08"
"Alien","1979-01-01","Dan","O'Bannon","1979-10-26"
"Alien","1979-01-01","Ronald","Shusett","1992-02-09"
"City Lights","1931-01-01","Charles","Chaplin","1991-04-20"
"City Lights","1931-01-01","Harry","Carr","1992-02-05"
"City Lights","1931-01-01","Harry","Crocker","1963-02-20"
"Cinema Paradiso","1988-01-01","Giuseppe","Tornatore","1974-09-20"
"Cinema Paradiso","1988-01-01","Vanna","Paoli","1983-04-18"
"Memento","2000-01-01","Christopher","Nolan","1999-04-12"
"Memento","2000-01-01","Jonathan","Nolan","1955-06-12"
"Apocalypse Now","1979-01-01","John","Milius","1958-06-09"
"Apocalypse Now","1979-01-01","Francis","Ford Coppola","1987-05-10"
"Apocalypse Now","1979-01-01","Michael","Herr","1974-03-05"
"Django Unchained","2012-01-01","Quentin","Tarantino","1966-07-26"
"WALL·E","2008-01-01","Andrew","Stanton","1984-08-26"
"WALL·E","2008-01-01","Pete","Docter","1989-02-20"
"WALL·E","2008-01-01","Jim","Reardon","1985-12-26"
"The Lives of Others","2006-01-01","Florian","Henckel von Donnersmarck","1953-11-11"
"Sunset Blvd.","2012-01-01","Ulli","Lommel","1952-02-14"
"Sunset Blvd.","2012-01-01","Franklin","D. Williams","1983-05-01"
"Paths of Glory","1957-01-01","Stanley","Kubrick","1983-08-11"
"Paths of Glory","1957-01-01","Calder","Willingham","1955-09-11"
"Paths of Glory","1957-01-01","Jim","Thompson","1976-12-26"
"The Shining","1980-01-01","Stephen","King","1952-08-18"
"The Shining","1980-01-01","Stanley","Kubrick","1983-08-11"
"The Shining","1980-01-01","Diane","Johnson","1998-06-26"
"The Great Dictator","1940-01-01","Charles","Chaplin","1991-04-20"
"Witness for the Prosecution","1957-01-01","Agatha","Christie","1991-01-11"
"Witness for the Prosecution","1957-01-01","Billy","Wilder","1955-04-20"
"Witness for the Prosecution","1957-01-01","Harry","Kurnitz","1959-02-15"
"Aliens","1986-01-01","James","Cameron","1987-04-26"
"Aliens","1986-01-01","David","Giler","1969-10-20"
"Aliens","1986-01-01","Walter","Hill","1998-05-21"
"American Beauty","1999-01-01","Alan","Ball","1991-06-21"
"The Dark Knight Rises","2012-01-01","Jonathan","Nolan","1955-06-12"
"The Dark Knight Rises","2012-01-01","Christopher","Nolan","1999-04-12"
"The Dark Knight Rises","2012-01-01","David","S. Goyer","1999-10-20"
"Dr. Strangelove","2012-01-01","Keaton","Gover","1957-09-20"
"Dr. Strangelove","2012-01-01","Jack","Snelling","1987-04-18"
"Toy Story 3","2010-01-01","John","Lasseter","1966-06-20"
"Toy Story 3","2010-01-01","Andrew","Stanton","1984-08-26"
"Toy Story 3","2010-01-01","Lee","Unkrich","1984-10-08"
"Princess Mononoke","1997-01-01","Hayao","Miyazaki","1961-02-17"
"Braveheart","1995-01-01","Randall","Wallace","1981-12-05"
"Amélie","2001-01-01","Guillaume","Laurant","1992-09-03"
"Amélie","2001-01-01","Jean-Pierre","Jeunet","1993-08-22"
"Toy Story","1995-01-01","John","Lasseter","1966-06-20"
"Toy Story","1995-01-01","Pete","Docter","1989-02-20"
"Toy Story","1995-01-01","Andrew","Stanton","1984-08-26"
"Reservoir Dogs","1992-01-01","Quentin","Tarantino","1966-07-26"
"Reservoir Dogs","1992-01-01","Roger","Avary","1958-02-12"
"Your Name.","2016-01-01","Makoto","Shinkai","1962-07-07"
"Requiem for a Dream","2000-01-01","Hubert","Selby Jr.","1977-10-21"
"Requiem for a Dream","2000-01-01","Darren","Aronofsky","1992-10-05"
"Das Boot","1981-01-01","Lothar","G. Buchheim","1954-08-19"
"Das Boot","1981-01-01","Wolfgang","Petersen","1991-07-16"
"Star Wars: Episode VI - Return of the Jedi","1983-01-01","Lawrence","Kasdan","1993-06-12"
"Star Wars: Episode VI - Return of the Jedi","1983-01-01","George","Lucas","1987-05-17"
"Oldboy","2003-01-01","Garon","Tsuchiya","1977-01-23"
"Oldboy","2003-01-01","Nobuaki","Minegishi","1970-10-14"
"Oldboy","2003-01-01","Park","Chan-wook","1951-10-23"
"Singin' in the Rain","1952-01-01","Betty","Comden","1950-12-16"
"Singin' in the Rain","1952-01-01","Adolph","Green","1979-10-16"
"Coco","2017-01-01","Lee","Unkrich","1984-10-08"
"Coco","2017-01-01","Jason","Katz","1999-04-15"
"Coco","2017-01-01","Matthew","Aldrich","1957-07-08"
"Bicycle Thieves","1948-01-01","Cesare","Zavattini","1981-01-20"
"Bicycle Thieves","1948-01-01","Luigi","Bartolini","1970-02-20"
"Bicycle Thieves","1948-01-01","Oreste","Biancoli","1959-02-18"
"2001: A Space Odyssey","1968-01-01","Stanley","Kubrick","1983-08-11"
"2001: A Space Odyssey","1968-01-01","Arthur","C. Clarke","1951-12-13"
"The Sixth Sense","1999-01-01","M.","Night Shyamalan","1969-04-12"
"The Kid","1921-01-01","Charles","Chaplin","1991-04-20"
"Inglourious Basterds","2009-01-01","Quentin","Tarantino","1966-07-26"
"The Hunt","2012-01-01","Thomas","Vinterberg","1950-09-22"
"The Hunt","2012-01-01","Tobias","Lindholm","1965-04-22"
"The Intouchables","2011-01-01","Olivier","Nakache","1995-08-10"
"The Intouchables","2011-01-01","Éric","Toledano","1973-04-26"
"The Intouchables","2011-01-01","Philippe","Pozzo di Borgo","1979-05-19"
"Batman Begins","2005-01-01","Bob","Kane","1990-10-16"
"Batman Begins","2005-01-01","David","S. Goyer","1999-10-20"
"Batman Begins","2005-01-01","Christopher","Nolan","1999-04-12"
"A Clockwork Orange","1971-01-01","Stanley","Kubrick","1983-08-11"
"A Clockwork Orange","1971-01-01","Anthony","Burgess","1950-08-07"
"Snatch","2000-01-01","Guy","Ritchie","1953-09-11"
"Amadeus","1984-01-01","Peter","Shaffer","1997-02-20"
"Amadeus","1984-01-01","Zdenek","Mahler","1992-11-20"
"Three Billboards Outside Ebbing, Missouri","2017-01-01","Martin","McDonagh","1970-07-12"
"Eternal Sunshine of the Spotless Mind","2004-01-01","Charlie","Kaufman","1985-04-12"
"Eternal Sunshine of the Spotless Mind","2004-01-01","Michel","Gondry","1953-03-12"
"Eternal Sunshine of the Spotless Mind","2004-01-01","Pierre","Bismuth","1979-06-25"
"The Wolf of Wall Street","2013-01-01","Terence","Winter","1975-06-20"
"The Wolf of Wall Street","2013-01-01","Jordan","Belfort","1956-06-07"
"The Treasure of the Sierra Madre","1948-01-01","John","Huston","1972-06-26"
"The Treasure of the Sierra Madre","1948-01-01","B.","Traven","1968-05-16"
"North by Northwest","1959-01-01","Ernest","Lehman","1954-04-12"
"V for Vendetta","2005-01-01","Lilly","Wachowski","1994-02-17"
"V for Vendetta","2005-01-01","Lana","Wachowski","1956-06-17"
"V for Vendetta","2005-01-01","David","Lloyd","1986-10-26"
"Raiders of the Lost Ark","1981-01-01","Lawrence","Kasdan","1993-06-12"
"Raiders of the Lost Ark","1981-01-01","George","Lucas","1987-05-17"
"Raiders of the Lost Ark","1981-01-01","Philip","Kaufman","1953-05-12"
"The Thing","1982-01-01","Bill","Lancaster","1994-04-20"
"The Thing","1982-01-01","John","W. Campbell Jr.","1962-06-21"
"Scarface","1983-01-01","Oliver","Stone","1978-08-16"
"Scarface","1983-01-01","Howard","Hawks","1955-04-27"
"Scarface","1983-01-01","Ben","Hecht","1951-12-25"
"No Country for Old Men","2007-01-01","Joel","Coen","1965-06-16"
"No Country for Old Men","2007-01-01","Ethan","Coen","1967-06-16"
"No Country for Old Men","2007-01-01","Cormac","McCarthy","1974-11-02"
"Jaws","1975-01-01","Peter","Benchley","1954-02-27"
"Jaws","1975-01-01","Carl","Gottlieb","1994-09-04"
"Raging Bull","1980-01-01","Jake","LaMotta","1951-04-18"
"Raging Bull","1980-01-01","Joseph","Carter","1958-06-20"
"Raging Bull","1980-01-01","Peter","Savage","1993-02-09"
"Lock, Stock and Two Smoking Barrels","1998-01-01","Guy","Ritchie","1953-09-11"
"Fargo","1996-01-01","Ethan","Coen","1967-06-16"
"Fargo","1996-01-01","Joel","Coen","1965-06-16"
"The Elephant Man","1980-01-01","Christopher","De Vore","1958-04-20"
"The Elephant Man","1980-01-01","Eric","Bergren","1978-04-16"
"The Elephant Man","1980-01-01","David","Lynch","1980-10-08"
"The Sting","1973-01-01","David","S. Ward","1979-10-19"
"The Apartment","1960-01-01","Billy","Wilder","1955-04-20"
"The Apartment","1960-01-01","I.A.L.","Diamond","1984-12-15"
"The Iron Giant","1999-01-01","Tim","McCanlies","1959-10-21"
"The Iron Giant","1999-01-01","Brad","Bird","1994-01-19"
"The Iron Giant","1999-01-01","Ted","Hughes","1979-06-21"
"Good Will Hunting","1997-01-01","Matt","Damon","1983-07-26"
"Good Will Hunting","1997-01-01","Ben","Affleck","1993-12-11"
"Die Hard","1988-01-01","Roderick","Thorp","1976-02-03"
"Die Hard","1988-01-01","Jeb","Stuart","1998-08-07"
"Die Hard","1988-01-01","Steven","E. de Souza","1971-08-24"
"Indiana Jones and the Last Crusade","1989-01-01","Jeffrey","Boam","1980-08-11"
"Indiana Jones and the Last Crusade","1989-01-01","George","Lucas","1987-05-17"
"Indiana Jones and the Last Crusade","1989-01-01","Menno","Meyjes","1962-11-21"
"The General","1926-01-01","Buster","Keaton","1971-04-26"
"The General","1926-01-01","Clyde","Bruckman","1998-08-12"
"The General","1926-01-01","Al","Boasberg","1960-06-22"
"The Grand Budapest Hotel","2014-01-01","Stefan","Zweig","1959-08-13"
"The Grand Budapest Hotel","2014-01-01","Wes","Anderson","1961-09-26"
"The Grand Budapest Hotel","2014-01-01","Hugo","Guinness","1979-10-07"
"The Deer Hunter","1978-01-01","Michael","Cimino","1980-03-26"
"The Deer Hunter","1978-01-01","Deric","Washburn","1961-02-01"
"The Deer Hunter","1978-01-01","Louis","Garfinkle","1971-08-14"
"The Third Man","1949-01-01","Graham","Greene","1972-06-16"
"The Third Man","1949-01-01","Orson","Welles","1981-02-21"
"The Third Man","1949-01-01","Alexander","Korda","1995-06-02"
"The Incredibles","2004-01-01","Brad","Bird","1994-01-19"
"The Exorcist","1973-01-01","William","Peter Blatty","1969-01-14"
"Warrior","2011-01-01","Gavin","O'Connor","1974-01-02"
"Warrior","2011-01-01","Anthony","Tambakis","1981-08-25"
"Warrior","2011-01-01","Cliff","Dorfman","1977-08-12"
"Trainspotting","1996-01-01","Irvine","Welsh","1968-08-24"
"Trainspotting","1996-01-01","John","Hodge","1968-06-09"
"Children of Men","2006-01-01","Alfonso","Cuarón","1952-06-18"
"Children of Men","2006-01-01","Timothy","J. Sexton","1975-10-26"
"Children of Men","2006-01-01","David","Arata","1959-10-18"
"The Princess Bride","1987-01-01","William","Goldman","1957-01-12"
"The Terminator","1984-01-01","James","Cameron","1987-04-26"
"The Terminator","1984-01-01","Gale","Anne Hurd","1980-01-19"
"The Terminator","1984-01-01","William","Wisher","1977-01-20"
"The Graduate","1967-01-01","Calder","Willingham","1955-09-11"
"The Graduate","1967-01-01","Buck","Henry","1989-04-12"
"The Graduate","1967-01-01","Charles","Webb","1972-04-01"
"Inside Out","2015-01-01","Pete","Docter","1989-02-20"
"Inside Out","2015-01-01","Ronnie","Del Carmen","1958-02-16"
"Inside Out","2015-01-01","Meg","LeFauve","1993-11-24"
"The Gold Rush","1925-01-01","Charles","Chaplin","1991-04-20"
"The Man Who Shot Liberty Valance","1962-01-01","James","Warner Bellah","1967-04-06"
"The Man Who Shot Liberty Valance","1962-01-01","Willis","Goldbeck","1955-01-11"
"The Man Who Shot Liberty Valance","1962-01-01","Dorothy","M. Johnson","1967-12-26"
"The Wizard of Oz","1939-01-01","Noel","Langley","1996-10-27"
"The Wizard of Oz","1939-01-01","Florence","Ryerson","1950-11-26"
"The Wizard of Oz","1939-01-01","Edgar","Allan Woolf","1954-02-15"
"The Hangover","2009-01-01","Jon","Lucas","1981-06-17"
"The Hangover","2009-01-01","Scott","Moore","1971-03-20"
"On the Waterfront","1954-01-01","Budd","Schulberg","1992-04-22"
"On the Waterfront","1954-01-01","Malcolm","Johnson","1976-07-26"
"On the Waterfront","1954-01-01","Robert","Siodmak","1966-02-09"
"Cool Hand Luke","1967-01-01","Donn","Pearce","1973-12-05"
"Cool Hand Luke","1967-01-01","Frank","Pierson","1966-05-26"
"Cool Hand Luke","1967-01-01","Hal","Dresner","1982-02-20"
"The Passion of Joan of Arc","1928-01-01","Joseph","Delteil","1956-06-18"
"The Passion of Joan of Arc","1928-01-01","Carl","Theodor Dreyer","1994-09-20"
"Up","2009-01-01","Pete","Docter","1989-02-20"
"Up","2009-01-01","Bob","Peterson","1955-10-26"
"Up","2009-01-01","Tom","McCarthy","1981-04-02"
"The 400 Blows","1959-01-01","François","Truffaut","1984-05-10"
"The 400 Blows","1959-01-01","Marcel","Moussy","1984-07-13"
"Heat","1995-01-01","Michael","Mann","1967-03-25"
"Double Indemnity","1944-01-01","Billy","Wilder","1955-04-20"
"Double Indemnity","1944-01-01","Raymond","Chandler","1963-12-20"
"Double Indemnity","1944-01-01","James","M. Cain","1962-04-20"
"The Wild Bunch","1969-01-01","Walon","Green","1992-05-16"
"The Wild Bunch","1969-01-01","Sam","Peckinpah","1986-01-06"
"The Wild Bunch","1969-01-01","Roy","N. Sickner","1971-02-20"
"The Battle of Algiers","1966-01-01","Franco","Solinas","1962-05-17"
"The Battle of Algiers","1966-01-01","Gillo","Pontecorvo","1956-09-06"
"The Wages of Fear","1953-01-01","Georges","Arnaud","1951-05-22"
"The Wages of Fear","1953-01-01","Henri-Georges","Clouzot","1997-06-04"
"The Wages of Fear","1953-01-01","Jérôme","Géronimi","1965-08-19"
"L.A. Confidential","1997-01-01","James","Ellroy","1959-04-09"
"L.A. Confidential","1997-01-01","Brian","Helgeland","1974-01-15"
"L.A. Confidential","1997-01-01","Curtis","Hanson","1981-05-26"
"The Bridge on the River Kwai","1957-01-01","Pierre","Boulle","1958-06-14"
"The Bridge on the River Kwai","1957-01-01","Carl","Foreman","1980-09-12"
"The Bridge on the River Kwai","1957-01-01","Michael","Wilson","1959-03-26"
"Dog Day Afternoon","1975-01-01","Frank","Pierson","1966-05-26"
"Dog Day Afternoon","1975-01-01","P.F.","Kluge","1978-07-09"
"Dog Day Afternoon","1975-01-01","Thomas","Moore","1966-09-20"
"The Night of the Hunter","1955-01-01","Davis","Grubb","1983-10-01"
"The Night of the Hunter","1955-01-01","James","Agee","1998-04-07"
"The Night of the Hunter","1955-01-01","Charles","Laughton","1972-04-26"
"The Day the Earth Stood Still","2008-01-01","David","Scarpa","1972-10-14"
"The Day the Earth Stood Still","2008-01-01","Edmund","H. North","1960-02-25"
"The Best Years of Our Lives","1946-01-01","Robert","E. Sherwood","1994-02-16"
"The Best Years of Our Lives","1946-01-01","MacKinlay","Kantor","1994-07-02"
"The Grapes of Wrath","1940-01-01","Nunnally","Johnson","1966-04-26"
"The Grapes of Wrath","1940-01-01","John","Steinbeck","1951-06-11"
"The Manchurian Candidate","2004-01-01","Richard","Condon","1992-08-26"
"The Manchurian Candidate","2004-01-01","George","Axelrod","1952-05-16"
"The Manchurian Candidate","2004-01-01","Daniel","Pyne","1983-10-16"
"In the Name of the Father","1993-01-01","Gerry","Conlon","1970-05-26"
"In the Name of the Father","1993-01-01","Terry","George","1967-06-09"
"In the Name of the Father","1993-01-01","Jim","Sheridan","1984-12-12"
"The Straight Story","1999-01-01","John","Roach","1974-06-08"
"The Straight Story","1999-01-01","Mary","Sweeney","1977-07-27"
"Butch Cassidy and the Sundance Kid","1969-01-01","William","Goldman","1957-01-12"
"The French Connection","1971-01-01","Ernest","Tidyman","1983-04-12"
"The French Connection","1971-01-01","Robin","Moore","1952-02-20"
"The French Connection","1971-01-01","William","Friedkin","1963-01-20"
"The King of Comedy","1982-01-01","Paul","D. Zimmerman","1974-10-12"
"The Conversation","1974-01-01","Francis","Ford Coppola","1987-05-10"
"All About Eve","1950-01-01","Joseph","L. Mankiewicz","1995-06-26"
"All About Eve","1950-01-01","Mary","Orr","1998-07-05"
"The Maltese Falcon","1941-01-01","John","Huston","1972-06-26"
"The Maltese Falcon","1941-01-01","Dashiell","Hammett","1958-10-09"
"The Lady Eve","1941-01-01","Monckton","Hoffe","1961-09-08"
"The Lady Eve","1941-01-01","Preston","Sturges","1978-03-21"
"Sullivan's Travels","1941-01-01","Preston","Sturges","1978-03-21"
"The Shop Around the Corner","1940-01-01","Samson","Raphaelson","1994-01-26"
"The Shop Around the Corner","1940-01-01","Miklós","László","1976-03-16"
"The Shop Around the Corner","1940-01-01","Ben","Hecht","1951-12-25"
"High Noon","1952-01-01","Carl","Foreman","1980-09-12"
"High Noon","1952-01-01","John","W. Cunningham","1978-06-11"
"The Searchers","1956-01-01","Frank","S. Nugent","1966-05-03"
"The Searchers","1956-01-01","Alan","Le May","1966-06-23"
"Rio Bravo","1959-01-01","Jules","Furthman","1984-12-12"
"Rio Bravo","1959-01-01","Leigh","Brackett","1987-10-09"
"Rio Bravo","1959-01-01","B.H.","McCampbell","1988-05-21"
"The Alamo","2004-01-01","Leslie","Bohem","1979-10-15"
"The Alamo","2004-01-01","Stephen","Gaghan","1991-08-12"
"The Alamo","2004-01-01","John","Lee Hancock","1986-06-11"
"Lawrence of Arabia","1962-01-01","Robert","Bolt","1955-02-01"
"Lawrence of Arabia","1962-01-01","Michael","Wilson","1959-03-26"
"Doctor Zhivago","1965-01-01","Boris","Pasternak","1980-10-09"
"Doctor Zhivago","1965-01-01","Robert","Bolt","1955-02-01"
"The Sound of Music","1965-01-01","Georg","Hurdalek","1998-05-13"
"The Sound of Music","1965-01-01","Howard","Lindsay","1969-04-23"
"The Sound of Music","1965-01-01","Russel","Crouse","1995-08-21"
"West Side Story","1961-01-01","Ernest","Lehman","1954-04-12"
"West Side Story","1961-01-01","Arthur","Laurents","1958-12-08"
"West Side Story","1961-01-01","Jerome","Robbins","1961-08-02"
"My Fair Lady","1964-01-01","Alan","Jay Lerner","1952-06-20"
"My Fair Lady","1964-01-01","George","Bernard Shaw","1970-05-21"
"Mary Poppins","1964-01-01","Bill","Walsh","1980-04-24"
"Mary Poppins","1964-01-01","Don","DaGradi","1973-12-10"
"Mary Poppins","1964-01-01","P.L.","Travers","1973-07-06"
"The Music Man","1962-01-01","Meredith","Willson","1994-11-26"
"The Music Man","1962-01-01","Franklin","Lacey","1997-05-27"
"The Music Man","1962-01-01","Marion","Hargrove","1976-07-24"
"The Longest Day","1962-01-01","Cornelius","Ryan","1990-11-12"
"The Longest Day","1962-01-01","Romain","Gary","1999-02-12"
"The Longest Day","1962-01-01","James","Jones","1989-04-21"
"How the West Was Won","1962-01-01","James","R. Webb","1972-04-01"
"How the West Was Won","1962-01-01","John","Gay","1970-06-23"
"The Great Escape","1963-01-01","Paul","Brickhill","1950-10-21"
"The Great Escape","1963-01-01","James","Clavell","1985-04-21"
"The Great Escape","1963-01-01","W.R.","Burnett","1983-02-09"
"To Kill a Mockingbird","1962-01-01","Harper","Lee","1970-02-07"
"To Kill a Mockingbird","1962-01-01","Horton","Foote","1975-04-22"
"The Birds","1963-01-01","Daphne","Du Maurier","1966-10-20"
"The Birds","1963-01-01","Evan","Hunter","1956-08-20"
"Marnie","1964-01-01","Winston","Graham","1978-01-11"
"Marnie","1964-01-01","Jay","Presson Allen","1994-04-16"
"Frenzy","1972-01-01","Arthur","La Bern","1958-12-01"
"Frenzy","1972-01-01","Anthony","Shaffer","1972-08-20"
"Family Plot","1976-01-01","Ernest","Lehman","1954-04-12"
"Family Plot","1976-01-01","Victor","Canning","1965-12-18"
"Vertigo","1958-01-01","Alec","Coppel","1966-06-14"
"Vertigo","1958-01-01","Samuel","A. Taylor","1975-01-02"
"Vertigo","1958-01-01","Pierre","Boileau","1952-06-19"
"Rebel Without a Cause","1955-01-01","Stewart","Stern","1952-08-01"
"Rebel Without a Cause","1955-01-01","Irving","Shulman","1983-08-12"
"Rebel Without a Cause","1955-01-01","Nicholas","Ray","1999-04-23"
"East of Eden","1955-01-01","John","Steinbeck","1951-06-11"
"East of Eden","1955-01-01","Paul","Osborn","1961-10-01"
"Giant","1956-01-01","Edna","Ferber","1956-02-20"
"Giant","1956-01-01","Fred","Guiol","1979-05-24"
"Giant","1956-01-01","Ivan","Moffat","1985-12-18"
"A Place in the Sun","1951-01-01","Theodore","Dreiser","1976-09-20"
"A Place in the Sun","1951-01-01","Patrick","Kearney","1969-10-27"
"A Place in the Sun","1951-01-01","Michael","Wilson","1959-03-26"
"Sunset Boulevard","1950-01-01","Charles","Brackett","1954-04-09"
"Sunset Boulevard","1950-01-01","Billy","Wilder","1955-04-20"
"Sunset Boulevard","1950-01-01","D.M.","Marshman Jr.","1958-07-21"
"The Asphalt Jungle","1950-01-01","Ben","Maddow","1963-12-07"
"The Asphalt Jungle","1950-01-01","John","Huston","1972-06-26"
"The Asphalt Jungle","1950-01-01","W.R.","Burnett","1983-02-09"
"White Heat","1949-01-01","Ivan","Goff","1966-12-09"
"White Heat","1949-01-01","Ben","Roberts","1996-12-08"
"White Heat","1949-01-01","Virginia","Kellogg","1966-12-11"
"The Set-Up","1949-01-01","Art","Cohn","1969-12-19"
"The Set-Up","1949-01-01","Joseph","Moncure March","1951-06-08"
"Force of Evil","1948-01-01","Abraham","Polonsky","1979-08-05"
"Force of Evil","1948-01-01","Ira","Wolfert","1955-08-07"
"Brute Force","1947-01-01","Richard","Brooks","1957-08-27"
"Brute Force","1947-01-01","Robert","Patterson","1964-02-26"
"The Naked City","1948-01-01","Albert","Maltz","1954-06-15"
"The Naked City","1948-01-01","Malvin","Wald","1989-07-13"
"Call Northside 777","1948-01-01","Jerome","Cady","1977-08-26"
"Call Northside 777","1948-01-01","Jay","Dratler","1992-04-20"
"Call Northside 777","1948-01-01","Leonard","Hoffman","1994-10-12"
"Boomerang!","1947-01-01","Richard","Murphy","1978-08-02"
"Boomerang!","1947-01-01","Fulton","Oursler","1962-08-20"
"The Big Heat","1953-01-01","Sydney","Boehm","1959-01-18"
"The Big Heat","1953-01-01","William","P. McGivern","1954-01-01"
"On Dangerous Ground","1951-01-01","A.I.","Bezzerides","1959-04-21"
"On Dangerous Ground","1951-01-01","Nicholas","Ray","1999-04-23"
"On Dangerous Ground","1951-01-01","Gerald","Butler","1995-05-20"
"Pickup on South Street","1953-01-01","Samuel","Fuller","1965-01-20"
"Pickup on South Street","1953-01-01","Dwight","Taylor","1982-08-02"
"Nightfall","1956-01-01","Stirling","Silliphant","1974-08-03"
"Nightfall","1956-01-01","David","Goodis","1983-10-25"
"The Narrow Margin","1952-01-01","Earl","Felton","1986-11-26"
"The Narrow Margin","1952-01-01","Martin","Goldsmith","1990-07-25"
"The Narrow Margin","1952-01-01","Jack","Leonard","1968-04-19"
"Crime Wave","1953-01-01","Crane","Wilbur","1950-02-08"
"Crime Wave","1953-01-01","Bernard","Gordon","1951-12-26"
"Crime Wave","1953-01-01","Richard","Wormser","1984-08-20"
"The Big Combo","1955-01-01","Philip","Yordan","1967-05-12"
"Kiss Me Deadly","1955-01-01","Mickey","Spillane","1966-03-16"
"Kiss Me Deadly","1955-01-01","A.I.","Bezzerides","1959-04-21"
"Touch of Evil","1958-01-01","Orson","Welles","1981-02-21"
"Touch of Evil","1958-01-01","Whit","Masterson","1950-12-26"
"Touch of Evil","1958-01-01","Franklin","Coen","1992-05-16"
"Sweet Smell of Success","1957-01-01","Clifford","Odets","1952-08-08"
"Sweet Smell of Success","1957-01-01","Ernest","Lehman","1954-04-12"
"Sweet Smell of Success","1957-01-01","Alexander","Mackendrick","1964-06-11"
"The Wrong Man","1956-01-01","Maxwell","Anderson","1988-07-26"
"The Wrong Man","1956-01-01","Angus","MacPhail","1959-08-18"
"The Wrong Man","1956-01-01","Edmond","S. Albout","1957-02-10"
"Anatomy of a Murder","1959-01-01","Wendell","Mayes","1958-09-21"
"Anatomy of a Murder","1959-01-01","John","D. Voelker","1955-06-20"
"In Cold Blood","1967-01-01","Truman","Capote","1967-07-22"
"In Cold Blood","1967-01-01","Richard","Brooks","1957-08-27"
"Bullitt","1968-01-01","Alan","Trustman","1974-06-12"
"Bullitt","1968-01-01","Harry","Kleiner","1964-02-20"
"Bullitt","1968-01-01","Robert","L. Fish","1952-02-24"
"Dirty Harry","1971-01-01","Harry","Julian Fink","1985-02-22"
"Dirty Harry","1971-01-01","Rita","M. Fink","1979-08-22"
"Dirty Harry","1971-01-01","Dean","Riesner","1986-02-20"
"Serpico","1973-01-01","Peter","Maas","1980-02-17"
"Serpico","1973-01-01","Waldo","Salt","1989-05-01"
"Serpico","1973-01-01","Norman","Wexler","1982-10-20"
"Prince of the City","1981-01-01","Jay","Presson Allen","1994-04-16"
"Prince of the City","1981-01-01","Sidney","Lumet","1971-09-22"
"Prince of the City","1981-01-01","Robert","Daley","1999-02-27"
"The Untouchables","1987-01-01","David","Mamet","1970-10-22"
"The Untouchables","1987-01-01","Oscar","Fraley","1997-03-27"
"The Untouchables","1987-01-01","Eliot","Ness","1950-10-07"
"Zodiac","2007-01-01","James","Vanderbilt","1963-04-01"
"Zodiac","2007-01-01","Robert","Graysmith","1956-02-25"
"Gone Girl","2014-01-01","Gillian","Flynn","1955-09-25"
"Prisoners","2013-01-01","Aaron","Guzikowski","1958-07-17"
"The Girl with the Dragon Tattoo","2011-01-01","Steven","Zaillian","1981-08-12"
"The Girl with the Dragon Tattoo","2011-01-01","Stieg","Larsson","1978-08-26"
"Mystic River","2003-01-01","Brian","Helgeland","1974-01-15"
"Mystic River","2003-01-01","Dennis","Lehane","1980-02-16"
"The Town","2010-01-01","Peter","Craig","1980-02-13"
"The Town","2010-01-01","Ben","Affleck","1993-12-11"
"The Town","2010-01-01","Aaron","Stockard","1956-07-19"
"Shutter Island","2010-01-01","Laeta","Kalogridis","1952-06-25"
"Shutter Island","2010-01-01","Dennis","Lehane","1980-02-16"
"Insomnia","2002-01-01","Hillary","Seitz","1984-10-15"
"Insomnia","2002-01-01","Nikolaj","Frobenius","1985-04-09"
"Insomnia","2002-01-01","Erik","Skjoldbjærg","1993-04-22"
"Dunkirk","2017-01-01","Christopher","Nolan","1999-04-12"
"Tenet","2020-01-01","Christopher","Nolan","1999-04-12"
"Oppenheimer","2023-01-01","Christopher","Nolan","1999-04-12"
"Oppenheimer","2023-01-01","Kai","Bird","1994-05-19"
"Oppenheimer","2023-01-01","Martin","Sherwin","1987-07-20"
"The Revenant","2015-01-01","Mark","L. Smith","1998-07-25"
"The Revenant","2015-01-01","Alejandro","G. Iñárritu","1998-06-10"
"The Revenant","2015-01-01","Michael","Punke","1988-03-13"
"Birdman or (The Unexpected Virtue of Ignorance)","2014-01-01","Alejandro","G. Iñárritu","1998-06-10"
"Birdman or (The Unexpected Virtue of Ignorance)","2014-01-01","Nicolás","Giacobone","1976-04-16"
"Birdman or (The Unexpected Virtue of Ignorance)","2014-01-01","Alexander","Dinelaris","1971-06-25"
"Moonlight","2016-01-01","Barry","Jenkins","1966-08-02"
"Moonlight","2016-01-01","Tarell","Alvin McCraney","1968-02-27"
"La La Land","2016-01-01","Damien","Chazelle","1980-10-14"
"Manchester by the Sea","2016-01-01","Kenneth","Lonergan","1971-09-12"
"Call Me by Your Name","2017-01-01","James","Ivory","1965-04-12"
"Call Me by Your Name","2017-01-01","André","Aciman","1989-08-12"
"Lady Bird","2017-01-01","Greta","Gerwig","1994-06-13"
"Phantom Thread","2017-01-01","Paul","Thomas Anderson","1962-10-26"
"The Shape of Water","2017-01-01","Guillermo","del Toro","1987-09-02"
"The Shape of Water","2017-01-01","Vanessa","Taylor","1988-04-02"
